name,alternateNames,gridType,category,techniques,pieceCount,colorCount,symmetry,historicalPeriod,difficulty,hasCurves
3D Bow Tie,"[""Dimensional Bow Tie""]",four_patch,geometric,"[""hst""]",8,3,rotational_4,1900s,intermediate,false
54-40 or Fight,"[""Fifty-Four Forty or Fight"", ""Railroad""]",nine_patch,star,"[""hst"", ""flying_geese""]",33,3,rotational_4,1840s,intermediate,false
A Dandy,"[]",nine_patch,geometric,"[""hst""]",17,3,rotational_4,1900s,beginner,false
Air Castle,"[""Castle in the Air""]",nine_patch,geometric,"[""hst""]",25,3,rotational_4,1890s,intermediate,false
Aircraft,"[""Airplane""]",nine_patch,geometric,"[""hst""]",21,3,rotational_4,1930s,intermediate,false
Alabama Beauty,"[]",nine_patch,star,"[""hst""]",25,3,rotational_4,1900s,intermediate,false
Album,"[""Album Block"", ""Chimney Sweep""]",nine_patch,geometric,"[""strip_piecing""]",13,2,rotational_4,1840s,beginner,false
Album Variation,"[]",nine_patch,geometric,"[""strip_piecing""]",17,3,rotational_4,1850s,beginner,false
All Kinds,"[]",four_patch,geometric,"[""hst""]",16,4,rotational_4,1900s,intermediate,false
All Tangled Up,"[]",nine_patch,geometric,"[""hst""]",25,3,rotational_2,1920s,intermediate,false
Alpine Rose,"[]",nine_patch,nature,"[""applique""]",13,4,rotational_4,1900s,advanced,false
American Log Patch,"[""Log Cabin Variation""]",log_cabin,log_cabin,"[""strip_piecing""]",17,5,rotational_4,1860s,beginner,false
Amish Squares,"[""Amish Nine Patch""]",nine_patch,geometric,"[""strip_piecing""]",9,3,rotational_4,1880s,beginner,false
Amish Star,"[]",nine_patch,star,"[""hst""]",17,3,rotational_4,1880s,intermediate,false
Antique Tile,"[""Tile Puzzle""]",four_patch,geometric,"[""hst""]",16,3,rotational_4,1880s,intermediate,false
Anvil,"[""Blacksmith Puzzle""]",nine_patch,geometric,"[""hst""]",13,2,rotational_4,1890s,beginner,false
Apple Hexagon,"[]",other,nature,"[""english_paper_piecing""]",7,3,rotational_4,1870s,intermediate,false
Arabic Lattice,"[""Mosaic""]",four_patch,geometric,"[""hst""]",20,3,rotational_4,1890s,intermediate,false
Arkansas Traveller,"[""Arkansas Traveler"", ""Travel Star""]",nine_patch,star,"[""hst""]",21,3,rotational_4,1880s,intermediate,false
Arrow Head,"[""Arrowhead""]",four_patch,geometric,"[""hst""]",8,2,rotational_4,1890s,beginner,false
Arrow Point,"[]",four_patch,geometric,"[""hst""]",12,2,rotational_4,1900s,beginner,false
Art Square,"[]",nine_patch,geometric,"[""hst""]",17,3,rotational_4,1900s,intermediate,false
Ashland Rose,"[]",nine_patch,nature,"[""applique""]",13,4,rotational_4,1850s,advanced,false
At the Depot,"[]",nine_patch,geometric,"[""hst""]",21,3,asymmetric,1900s,intermediate,false
Attic Window,"[""Attic Windows""]",other,geometric,"[""strip_piecing""]",3,3,mirror,1870s,beginner,false
Aunt Alice's Blue Wreath,"[]",nine_patch,nature,"[""applique""]",13,4,rotational_4,1900s,advanced,false
Aunt Dinah,"[]",nine_patch,geometric,"[""hst""]",21,3,rotational_4,1890s,intermediate,false
Aunt Eliza's Star Point,"[""Aunt Eliza's Star""]",nine_patch,star,"[""hst""]",25,3,rotational_4,1890s,intermediate,false
Aunt Kate's Choice,"[]",nine_patch,geometric,"[""hst""]",21,3,rotational_4,1900s,intermediate,false
Aunt Sukey's Choice,"[""Aunt Sukey's Patch""]",nine_patch,geometric,"[""hst""]",21,3,rotational_4,1890s,intermediate,false
Aunt Sukey's Patch,"[""Aunt Sukey's Choice""]",nine_patch,geometric,"[""hst""]",21,3,rotational_4,1890s,intermediate,false
Autograph Quilt,"[""Album Quilt""]",nine_patch,geometric,"[""strip_piecing""]",9,2,rotational_4,1840s,beginner,false
Autumn Leaf,"[""Maple Leaf""]",nine_patch,nature,"[""hst""]",17,2,asymmetric,1880s,intermediate,false
Autumn Leaves,"[]",nine_patch,nature,"[""hst""]",21,3,rotational_4,1890s,intermediate,false
Autumn Tints,"[]",nine_patch,nature,"[""hst""]",25,4,rotational_4,1900s,intermediate,false
Baby Blocks,"[""Tumbling Blocks"", ""Building Blocks""]",other,geometric,"[""english_paper_piecing""]",3,3,mirror,1850s,intermediate,false
Baby Bunting,"[]",nine_patch,geometric,"[""hst""]",17,3,rotational_4,1900s,intermediate,false
Baby Shapes,"[]",four_patch,geometric,"[""hst""]",12,3,rotational_4,1920s,beginner,false
Bachelor's Puzzle,"[""Old Maid's Puzzle""]",nine_patch,geometric,"[""hst""]",21,2,rotational_4,1880s,intermediate,false
Baltimore Belle,"[]",nine_patch,geometric,"[""hst"", ""applique""]",21,4,rotational_4,1840s,advanced,false
Barrister's Blocks,"[]",nine_patch,geometric,"[""hst""]",25,3,rotational_4,1890s,intermediate,false
Base Ball,"[""Baseball""]",nine_patch,geometric,"[""hst""]",21,2,rotational_4,1900s,intermediate,false
Basket,"[""Fruit Basket"", ""Cake Basket""]",nine_patch,basket,"[""hst""]",15,2,asymmetric,1850s,intermediate,false
Basket of Lilies,"[""Lily Basket""]",nine_patch,basket,"[""hst""]",21,3,asymmetric,1870s,intermediate,false
Basket Quilt,"[]",nine_patch,basket,"[""hst""]",17,2,asymmetric,1860s,intermediate,false
Basket Weave,"[""Basketweave""]",four_patch,geometric,"[""strip_piecing""]",16,2,rotational_2,1880s,beginner,false
Baton Rouge,"[]",nine_patch,geometric,"[""hst""]",21,3,rotational_4,1880s,intermediate,false
Bat's Wing,"[""Bat Wing""]",nine_patch,nature,"[""hst""]",21,2,rotational_4,1890s,intermediate,false
Bay Leaf,"[]",nine_patch,nature,"[""hst""]",17,2,rotational_4,1880s,intermediate,false
Bear Track,"[""Bear's Track""]",seven_patch,nature,"[""hst""]",36,2,rotational_4,1870s,intermediate,false
Bear Tracks,"[""Bear's Paw""]",seven_patch,nature,"[""hst""]",36,2,rotational_4,1870s,intermediate,false
Bear's Foot,"[""Bear's Paw""]",seven_patch,nature,"[""hst""]",36,2,rotational_4,1870s,intermediate,false
Bear's Paw,"[""Bear Track"", ""Duck's Foot in the Mud""]",seven_patch,nature,"[""hst""]",36,2,rotational_4,1870s,intermediate,false
Bedtime,"[]",nine_patch,geometric,"[""hst""]",17,3,rotational_4,1920s,intermediate,false
Beggar's Block,"[""Beggar's Blocks""]",nine_patch,geometric,"[""hst""]",21,3,rotational_4,1890s,intermediate,false
Beggar's Blocks,"[""Beggar's Block""]",nine_patch,geometric,"[""hst""]",21,3,rotational_4,1890s,intermediate,false
Belles Favourite,"[""Belle's Favorite""]",nine_patch,geometric,"[""hst""]",21,3,rotational_4,1900s,intermediate,false
Best of All,"[]",nine_patch,star,"[""hst""]",25,3,rotational_4,1900s,intermediate,false
Big Dipper,"[""Yankee Puzzle""]",four_patch,star,"[""hst""]",16,2,rotational_4,1890s,intermediate,false
Big O,"[]",nine_patch,geometric,"[""hst""]",21,2,rotational_4,1910s,intermediate,false
Bird's Eye View,"[""Birds Eye View""]",nine_patch,geometric,"[""hst""]",25,3,rotational_4,1900s,intermediate,false
Bird's Nest,"[""Birds Nest""]",nine_patch,nature,"[""hst""]",21,3,rotational_4,1890s,intermediate,false
Birds in the Air,"[""Flock of Geese""]",four_patch,nature,"[""hst"", ""flying_geese""]",16,2,asymmetric,1870s,beginner,false
Black Magic,"[]",nine_patch,geometric,"[""hst""]",25,3,rotational_4,1930s,intermediate,false
Blackford's Beauty,"[]",nine_patch,star,"[""hst""]",29,3,rotational_4,1890s,intermediate,false
Blacks and Whites,"[]",four_patch,geometric,"[""hst""]",16,2,rotational_4,1920s,beginner,false
Blazing Arrows,"[]",nine_patch,geometric,"[""hst"", ""flying_geese""]",25,3,rotational_4,1900s,intermediate,false
Blazing Star,"[""Lone Star"", ""Star of Bethlehem""]",other,star,"[""diamond_piecing""]",64,5,rotational_4,1830s,advanced,false
Blind Man's Fancy,"[]",nine_patch,geometric,"[""hst""]",21,3,rotational_4,1890s,intermediate,false
Blockade,"[]",nine_patch,geometric,"[""hst""]",25,3,rotational_4,1860s,intermediate,false
Block Album,"[]",nine_patch,geometric,"[""strip_piecing""]",13,3,rotational_4,1850s,beginner,false
Blocks and Pinwheels,"[]",four_patch,geometric,"[""hst""]",20,3,rotational_4,1900s,intermediate,false
Bluebird,"[]",nine_patch,nature,"[""hst""]",21,3,asymmetric,1920s,intermediate,false
Boston Puzzle,"[]",nine_patch,geometric,"[""hst""]",25,3,rotational_4,1890s,intermediate,false
Bounding Betty,"[]",nine_patch,geometric,"[""hst""]",21,3,rotational_4,1900s,intermediate,false
Bouquet,"[]",nine_patch,nature,"[""applique""]",13,4,rotational_4,1880s,advanced,false
Bow Tie,"[""Necktie"", ""Magic Bow Tie""]",four_patch,geometric,"[""hst""]",8,2,rotational_4,1890s,beginner,false
Box Blocks,"[]",four_patch,geometric,"[""strip_piecing""]",12,3,rotational_4,1900s,beginner,false
Boxed I's,"[]",nine_patch,geometric,"[""strip_piecing""]",21,3,rotational_4,1900s,intermediate,false
Boy's Nonsense,"[]",nine_patch,geometric,"[""hst""]",21,3,rotational_4,1900s,intermediate,false
Braced Star,"[]",nine_patch,star,"[""hst""]",25,3,rotational_4,1890s,intermediate,false
Brave World,"[]",nine_patch,geometric,"[""hst""]",25,3,rotational_4,1930s,intermediate,false
Brick Pile,"[""Brickwork""]",other,geometric,"[""strip_piecing""]",20,2,mirror,1870s,beginner,false
Brickwork,"[""Brick Wall""]",other,geometric,"[""strip_piecing""]",20,2,mirror,1870s,beginner,false
Brickwork Quilt,"[]",other,geometric,"[""strip_piecing""]",20,2,mirror,1870s,beginner,false
Bright Hopes,"[]",nine_patch,geometric,"[""hst""]",21,3,rotational_4,1930s,intermediate,false
Broken Dishes,"[""Double Pinwheel""]",four_patch,geometric,"[""hst""]",16,2,rotational_4,1870s,beginner,false
Broken Pinwheel,"[]",four_patch,geometric,"[""hst""]",16,2,rotational_4,1890s,beginner,false
Broken Star,"[""Carpenter's Wheel""]",other,star,"[""diamond_piecing""]",72,4,rotational_4,1850s,advanced,false
Broken Sugar Bowl,"[]",nine_patch,geometric,"[""hst""]",21,3,rotational_4,1890s,intermediate,false
Broken Wheel,"[]",nine_patch,geometric,"[""hst""]",25,3,rotational_4,1890s,intermediate,false
Brown-tailed Moth,"[]",nine_patch,nature,"[""hst""]",21,3,rotational_4,1900s,intermediate,false
Brunswick Star,"[]",nine_patch,star,"[""hst"", ""flying_geese""]",33,3,rotational_4,1890s,advanced,false
Buckeye Beauty,"[]",nine_patch,star,"[""hst""]",25,3,rotational_4,1890s,intermediate,false
Bunnies,"[]",nine_patch,nature,"[""hst""]",17,2,asymmetric,1920s,intermediate,false
Bunnies and Baskets,"[]",nine_patch,basket,"[""hst""]",21,3,asymmetric,1920s,intermediate,false
Butterfly,"[""Butterflies""]",nine_patch,nature,"[""hst"", ""applique""]",21,4,mirror,1920s,intermediate,false
Butterflies,"[""Butterfly""]",nine_patch,nature,"[""hst"", ""applique""]",21,4,mirror,1920s,intermediate,false
Buzzard's Roost,"[]",nine_patch,nature,"[""hst""]",25,3,rotational_4,1900s,intermediate,false
Cabin in the Cotton,"[]",log_cabin,log_cabin,"[""strip_piecing""]",17,4,rotational_4,1870s,beginner,false
Cactus Blossom,"[""Cactus Flower""]",nine_patch,nature,"[""hst""]",21,3,rotational_4,1900s,intermediate,false
Cake Stand,"[""Cake Stand and Basket""]",nine_patch,basket,"[""hst""]",15,2,asymmetric,1880s,intermediate,false
Cake Stand and Basket,"[""Cake Stand""]",nine_patch,basket,"[""hst""]",15,2,asymmetric,1880s,intermediate,false
Calgary Stampede,"[]",nine_patch,geometric,"[""hst""]",25,3,rotational_4,1920s,intermediate,false
California Oak Leaf,"[]",nine_patch,nature,"[""hst"", ""applique""]",21,3,rotational_4,1880s,advanced,false
California Rose,"[]",nine_patch,nature,"[""applique""]",13,4,rotational_4,1870s,advanced,false
California Star,"[]",nine_patch,star,"[""hst""]",25,3,rotational_4,1880s,intermediate,false
Capital I,"[]",nine_patch,geometric,"[""strip_piecing""]",13,2,rotational_2,1890s,beginner,false
Capital T,"[""T Block""]",nine_patch,geometric,"[""strip_piecing""]",9,2,rotational_4,1880s,beginner,false
Captive Beauty,"[]",nine_patch,geometric,"[""hst""]",25,3,rotational_4,1900s,intermediate,false
Card Trick,"[""Card Tricks""]",nine_patch,geometric,"[""hst""]",17,4,rotational_4,1900s,intermediate,false
Carolina Lily,"[""North Carolina Lily""]",nine_patch,nature,"[""hst""]",25,3,asymmetric,1850s,intermediate,false
Carpenter's Rule,"[]",nine_patch,geometric,"[""hst""]",21,3,rotational_4,1890s,intermediate,false
Carpenter's Square,"[""Carpenter's Wheel""]",nine_patch,geometric,"[""hst""]",25,3,rotational_4,1880s,intermediate,false
Carrie Nation,"[]",nine_patch,geometric,"[""hst""]",21,3,rotational_4,1900s,intermediate,false
Castle Garden,"[]",nine_patch,geometric,"[""hst""]",25,3,rotational_4,1890s,intermediate,false
Cathedral Window,"[""Cathedral Windows""]",other,geometric,"[""folded_fabric""]",4,3,rotational_4,1920s,advanced,false
Cat's Cradle,"[]",nine_patch,geometric,"[""hst""]",21,3,rotational_4,1900s,intermediate,false
Cats and Mice,"[""Cat and Mouse""]",nine_patch,nature,"[""hst""]",21,3,rotational_4,1890s,intermediate,false
Centennial,"[]",nine_patch,star,"[""hst""]",29,3,rotational_4,1876,intermediate,false
Chain Link,"[]",four_patch,chain,"[""strip_piecing""]",16,2,rotational_4,1890s,beginner,false
Chain of Squares,"[]",nine_patch,chain,"[""strip_piecing""]",21,2,rotational_4,1890s,beginner,false
Chained Star,"[]",nine_patch,star,"[""hst""]",25,3,rotational_4,1900s,intermediate,false
Charleston Quilt,"[]",nine_patch,geometric,"[""hst""]",25,3,rotational_4,1850s,intermediate,false
Charm,"[]",four_patch,geometric,"[""strip_piecing""]",16,4,rotational_4,1920s,beginner,false
Charter Oak,"[]",nine_patch,nature,"[""hst"", ""applique""]",21,3,asymmetric,1860s,intermediate,false
Cherry Basket,"[]",nine_patch,basket,"[""hst""]",17,3,asymmetric,1880s,intermediate,false
Chevron,"[]",other,geometric,"[""strip_piecing""]",16,2,mirror,1890s,beginner,false
Chicago Star,"[]",nine_patch,star,"[""hst""]",25,3,rotational_4,1900s,intermediate,false
Children's Delight,"[]",nine_patch,geometric,"[""hst""]",17,3,rotational_4,1900s,beginner,false
Chimney Swallows,"[""Chimney Sweep""]",nine_patch,nature,"[""hst""]",21,2,rotational_4,1890s,intermediate,false
Chimney Sweep,"[""Chimney Swallows""]",nine_patch,geometric,"[""strip_piecing""]",13,2,rotational_4,1880s,beginner,false
Christmas Cactus,"[]",nine_patch,nature,"[""hst""]",25,3,rotational_4,1920s,intermediate,false
Christmas Star,"[]",nine_patch,star,"[""hst""]",25,3,rotational_4,1920s,intermediate,false
Christmas Tree,"[]",nine_patch,nature,"[""hst""]",21,3,asymmetric,1900s,intermediate,false
Chrysanthemums,"[]",nine_patch,nature,"[""applique""]",13,4,rotational_4,1900s,advanced,false
Churn Dash,"[""Churn Dasher"", ""Monkey Wrench""]",nine_patch,geometric,"[""hst""]",13,2,rotational_4,1870s,beginner,false
Churn Dasher,"[""Churn Dash""]",nine_patch,geometric,"[""hst""]",13,2,rotational_4,1870s,beginner,false
Circle and Square,"[]",nine_patch,geometric,"[""curved_piecing""]",17,2,rotational_4,1900s,intermediate,true
Circle Within Circle,"[]",other,geometric,"[""curved_piecing""]",9,3,rotational_4,1890s,intermediate,true
Circuit Rider,"[]",nine_patch,geometric,"[""hst""]",21,3,rotational_4,1890s,intermediate,false
City Streets,"[]",nine_patch,geometric,"[""strip_piecing""]",25,3,rotational_4,1930s,intermediate,false
Clay's Choice,"[""Harry's Star"", ""Star of the West""]",nine_patch,star,"[""hst""]",21,2,rotational_4,1850s,intermediate,false
Cleveland Lilies,"[]",nine_patch,nature,"[""hst""]",21,3,asymmetric,1890s,intermediate,false
Cluster of Stars,"[]",nine_patch,star,"[""hst""]",29,3,rotational_4,1890s,intermediate,false
Coarse Woven Patch,"[]",four_patch,geometric,"[""strip_piecing""]",16,2,rotational_4,1890s,beginner,false
Cockscomb,"[""Coxcomb""]",nine_patch,nature,"[""applique""]",17,4,rotational_4,1840s,advanced,false
Coffin Star,"[]",nine_patch,star,"[""hst""]",25,3,rotational_4,1880s,intermediate,false
Cog Wheel,"[""Cogwheel""]",nine_patch,geometric,"[""hst""]",25,3,rotational_4,1890s,intermediate,false
Colonial Basket,"[]",nine_patch,basket,"[""hst""]",17,2,asymmetric,1890s,intermediate,false
Colorado Beauty,"[]",nine_patch,star,"[""hst""]",25,3,rotational_4,1900s,intermediate,false
Columbian Puzzle,"[]",nine_patch,geometric,"[""hst""]",25,3,rotational_4,1893,intermediate,false
Columbia Star,"[""Columbian Star""]",nine_patch,star,"[""hst""]",25,3,rotational_4,1893,intermediate,false
Combination Star,"[]",nine_patch,star,"[""hst""]",29,3,rotational_4,1890s,intermediate,false
Compass Star,"[""Mariner's Compass""]",other,star,"[""paper_piecing""]",32,4,rotational_4,1830s,advanced,false
Complex Rose,"[]",nine_patch,nature,"[""applique""]",17,4,rotational_4,1860s,advanced,false
Confederate Rose,"[]",nine_patch,nature,"[""applique""]",17,4,rotational_4,1860s,advanced,false
Constellation,"[]",nine_patch,star,"[""hst""]",25,3,rotational_4,1890s,intermediate,false
Continental,"[]",nine_patch,geometric,"[""hst""]",25,3,rotational_4,1900s,intermediate,false
Corn and Beans,"[""Shoo Fly Variation""]",nine_patch,nature,"[""hst""]",21,2,rotational_4,1880s,intermediate,false
Corner Beam,"[]",nine_patch,geometric,"[""strip_piecing""]",17,3,rotational_4,1900s,beginner,false
Cotton Boll,"[]",nine_patch,nature,"[""hst""]",21,3,rotational_4,1870s,intermediate,false
Cottage Tulip,"[]",nine_patch,nature,"[""hst""]",21,3,asymmetric,1890s,intermediate,false
Country Farm,"[]",nine_patch,house,"[""hst""]",25,4,asymmetric,1900s,intermediate,false
Courthouse Steps,"[""Log Cabin Variation""]",log_cabin,log_cabin,"[""strip_piecing""]",17,4,rotational_2,1860s,beginner,false
Coverlet,"[]",nine_patch,geometric,"[""strip_piecing""]",21,3,rotational_4,1890s,beginner,false
Coxey's Camp,"[]",nine_patch,geometric,"[""hst""]",21,3,rotational_4,1894,intermediate,false
Crazy Ann,"[""Crazy Anne""]",nine_patch,geometric,"[""hst""]",21,3,rotational_4,1890s,intermediate,false
Crazy House,"[]",nine_patch,house,"[""hst""]",25,4,asymmetric,1900s,intermediate,false
Crazy Quilt,"[]",other,geometric,"[""foundation_piecing""]",varies,varies,asymmetric,1870s,intermediate,false
Crib Quilt,"[]",four_patch,geometric,"[""strip_piecing""]",16,3,rotational_4,1890s,beginner,false
Cross and Crown,"[""Goose Tracks""]",nine_patch,geometric,"[""hst""]",25,2,rotational_4,1880s,intermediate,false
Cross and Square,"[]",nine_patch,geometric,"[""strip_piecing""]",17,2,rotational_4,1890s,beginner,false
Cross and Star,"[""Star and Cross""]",nine_patch,star,"[""hst""]",25,3,rotational_4,1890s,intermediate,false
Cross Patch,"[]",nine_patch,geometric,"[""hst""]",17,2,rotational_4,1890s,beginner,false
Cross The,"[]",nine_patch,geometric,"[""strip_piecing""]",13,2,rotational_4,1880s,beginner,false
Crossed Canoes,"[""Indian Canoes""]",nine_patch,geometric,"[""hst""]",21,2,rotational_4,1890s,intermediate,false
Crosses and Losses,"[]",nine_patch,geometric,"[""hst""]",21,3,rotational_4,1890s,intermediate,false
Crosses and Stars,"[]",nine_patch,star,"[""hst""]",25,3,rotational_4,1890s,intermediate,false
Crossroads,"[""Cross Roads""]",nine_patch,geometric,"[""hst""]",17,2,rotational_4,1890s,beginner,false
Cross Roads to Texas,"[]",nine_patch,geometric,"[""hst""]",21,3,rotational_4,1890s,intermediate,false
Cross Within A Cross,"[]",nine_patch,geometric,"[""hst""]",25,3,rotational_4,1890s,intermediate,false
Crossword Puzzle,"[]",nine_patch,geometric,"[""strip_piecing""]",25,2,rotational_4,1930s,intermediate,false
Crown and Thorns,"[""Crown of Thorns""]",nine_patch,geometric,"[""hst""]",21,2,rotational_4,1880s,intermediate,false
Crown of Thorns,"[""Crown and Thorns"", ""Georgetown Circle""]",nine_patch,geometric,"[""hst""]",21,2,rotational_4,1880s,intermediate,false
Crowning Glory,"[]",nine_patch,star,"[""hst""]",25,3,rotational_4,1900s,intermediate,false
Crow's Foot,"[""Crows Foot""]",nine_patch,nature,"[""hst""]",21,2,rotational_4,1890s,intermediate,false
Crow's Nest,"[""Crows Nest""]",nine_patch,nature,"[""hst""]",21,2,rotational_4,1890s,intermediate,false
Crystal Star,"[]",nine_patch,star,"[""hst""]",25,3,rotational_4,1900s,intermediate,false
Cube Lattice,"[]",other,geometric,"[""diamond_piecing""]",24,3,rotational_4,1890s,intermediate,false
Cube Work,"[""Baby Blocks""]",other,geometric,"[""english_paper_piecing""]",varies,3,mirror,1870s,intermediate,false
Cupid's Own,"[]",nine_patch,geometric,"[""hst""]",21,3,rotational_4,1900s,intermediate,false
Cut Glass Dish,"[]",nine_patch,geometric,"[""hst""]",25,3,rotational_4,1890s,intermediate,false
Cypress Leaf,"[]",nine_patch,nature,"[""hst""]",21,3,asymmetric,1890s,intermediate,false
Dad's Bow Tie,"[""Bow Tie""]",four_patch,geometric,"[""hst""]",8,2,rotational_4,1920s,beginner,false
Daffodils and Butterflies,"[]",nine_patch,nature,"[""applique""]",21,4,asymmetric,1920s,advanced,false
Daisy Fan,"[]",other,nature,"[""applique"", ""curved_piecing""]",12,4,rotational_4,1920s,advanced,true
Daisy Star,"[]",nine_patch,star,"[""hst""]",25,3,rotational_4,1920s,intermediate,false
Darting Minnows,"[]",nine_patch,nature,"[""hst""]",21,2,rotational_4,1890s,intermediate,false
David and Goliath,"[]",nine_patch,geometric,"[""hst""]",25,3,rotational_4,1890s,intermediate,false
Delectable Mountain,"[""Delectable Mountains""]",four_patch,geometric,"[""hst""]",24,2,rotational_4,1850s,intermediate,false
Democrat Rose,"[]",nine_patch,nature,"[""applique""]",17,4,rotational_4,1850s,advanced,false
Dervish Star,"[]",nine_patch,star,"[""hst""]",25,3,rotational_4,1900s,intermediate,false
Devil's Claws,"[""Devil's Claw""]",nine_patch,geometric,"[""hst""]",21,3,rotational_4,1890s,intermediate,false
Devil's Puzzle,"[]",nine_patch,geometric,"[""hst""]",21,3,rotational_4,1890s,intermediate,false
Dewey Block,"[]",nine_patch,geometric,"[""hst""]",21,3,rotational_4,1898,intermediate,false
Dewey Dream,"[]",nine_patch,star,"[""hst""]",25,3,rotational_4,1898,intermediate,false
Diagonal Log Chain,"[]",log_cabin,chain,"[""strip_piecing""]",17,4,rotational_2,1890s,intermediate,false
Diadem,"[]",nine_patch,star,"[""hst""]",25,3,rotational_4,1890s,intermediate,false
Diamond Cross,"[]",nine_patch,geometric,"[""hst""]",21,3,rotational_4,1890s,intermediate,false
Diamond Cube,"[]",other,geometric,"[""diamond_piecing""]",12,3,rotational_4,1880s,intermediate,false
Diamond Design,"[]",other,geometric,"[""diamond_piecing""]",16,3,rotational_4,1890s,intermediate,false
Diamond in a Square,"[""Square in a Diamond""]",four_patch,geometric,"[""hst""]",9,2,rotational_4,1850s,beginner,false
Diamond Rectangle,"[]",four_patch,geometric,"[""hst""]",12,2,rotational_4,1890s,beginner,false
Diamond Ring,"[""Wedding Ring""]",four_patch,geometric,"[""curved_piecing""]",20,3,rotational_4,1890s,intermediate,true
Diamond Star,"[]",other,star,"[""diamond_piecing""]",24,3,rotational_4,1880s,intermediate,false
Diamond The,"[]",four_patch,geometric,"[""hst""]",8,2,rotational_4,1880s,beginner,false
Diamonds,"[]",other,geometric,"[""diamond_piecing""]",16,3,rotational_4,1880s,intermediate,false
Disk The,"[]",nine_patch,geometric,"[""curved_piecing""]",17,2,rotational_4,1890s,intermediate,true
Dogwood,"[]",nine_patch,nature,"[""applique""]",17,3,rotational_4,1920s,advanced,false
Dogtooth Violet,"[]",nine_patch,nature,"[""hst""]",21,3,asymmetric,1890s,intermediate,false
Dolly Madison's Star,"[""Dolly Madison Star""]",nine_patch,star,"[""hst""]",25,3,rotational_4,1880s,intermediate,false
Domino,"[]",four_patch,geometric,"[""strip_piecing""]",8,2,rotational_2,1890s,beginner,false
Domino and Square,"[]",four_patch,geometric,"[""strip_piecing""]",12,2,rotational_4,1890s,beginner,false
Doris' Delight,"[]",nine_patch,geometric,"[""hst""]",21,3,rotational_4,1920s,intermediate,false
Double Cross,"[]",nine_patch,geometric,"[""hst""]",21,2,rotational_4,1890s,intermediate,false
Double Dutch,"[]",four_patch,geometric,"[""hst""]",16,2,rotational_4,1890s,beginner,false
Double Four Patch,"[""Sixteen Patch""]",four_patch,geometric,"[""strip_piecing""]",16,2,rotational_4,1870s,beginner,false
Double Hearts,"[]",nine_patch,geometric,"[""curved_piecing"", ""applique""]",17,3,rotational_4,1920s,intermediate,true
Double Irish Chain,"[""Triple Irish Chain""]",chain,chain,"[""strip_piecing""]",65,2,rotational_4,1850s,intermediate,false
Double Necktie,"[]",four_patch,geometric,"[""hst""]",12,3,rotational_4,1920s,beginner,false
Double Peony,"[]",nine_patch,nature,"[""applique""]",21,4,rotational_4,1870s,advanced,false
Double Pinwheel,"[""Broken Dishes""]",four_patch,geometric,"[""hst""]",16,2,rotational_4,1880s,beginner,false
Double Quartet,"[]",four_patch,geometric,"[""hst""]",16,3,rotational_4,1900s,intermediate,false
Double Squares,"[]",four_patch,geometric,"[""strip_piecing""]",8,2,rotational_4,1890s,beginner,false
Double Star,"[""Star Within a Star""]",nine_patch,star,"[""hst""]",33,3,rotational_4,1890s,intermediate,false
Double T,"[]",nine_patch,geometric,"[""strip_piecing""]",13,2,rotational_4,1890s,beginner,false
Double Wedding Ring,"[""Wedding Ring""]",other,geometric,"[""curved_piecing""]",varies,4,rotational_4,1920s,advanced,true
Double Windmill,"[]",four_patch,geometric,"[""hst""]",16,2,rotational_4,1890s,beginner,false
Double Wrench,"[""Monkey Wrench""]",nine_patch,geometric,"[""hst""]",17,2,rotational_4,1890s,intermediate,false
Double X,"[""Fox and Geese""]",nine_patch,geometric,"[""hst""]",21,2,rotational_4,1890s,intermediate,false
Double Z,"[]",nine_patch,geometric,"[""hst""]",17,2,rotational_4,1890s,intermediate,false
Dove in the Window,"[""Dove at the Window""]",nine_patch,nature,"[""hst""]",21,3,rotational_4,1890s,intermediate,false
Dresden Plate,"[""Grandmother's Sunburst""]",other,geometric,"[""curved_piecing"", ""applique""]",20,5,rotational_4,1920s,intermediate,true
Drunkard's Patchwork,"[""Drunkard's Path""]",other,geometric,"[""curved_piecing""]",16,2,rotational_4,1880s,intermediate,true
Drunkard's Path,"[""Robbing Peter to Pay Paul"", ""Old Maid's Puzzle""]",other,geometric,"[""curved_piecing""]",16,2,rotational_4,1880s,intermediate,true
Dublin Steps,"[]",nine_patch,geometric,"[""hst""]",21,3,rotational_4,1890s,intermediate,false
Duck and Ducklings,"[""Ducks and Ducklings""]",nine_patch,nature,"[""hst""]",21,2,rotational_4,1890s,intermediate,false
Duck Tracks,"[]",nine_patch,nature,"[""hst""]",21,2,rotational_4,1890s,intermediate,false
Ducks and Ducklings,"[""Duck and Ducklings"", ""Corn and Beans""]",nine_patch,nature,"[""hst""]",21,2,rotational_4,1890s,intermediate,false
Dutchman's Puzzle,"[""Dutch Puzzle""]",four_patch,geometric,"[""hst"", ""flying_geese""]",16,2,rotational_4,1890s,intermediate,false
Dutch Rose,"[]",nine_patch,nature,"[""applique""]",17,4,rotational_4,1870s,advanced,false
Ecclesiastical,"[]",nine_patch,geometric,"[""hst""]",25,3,rotational_4,1890s,intermediate,false
Economy,"[""Economy Block""]",four_patch,geometric,"[""hst""]",5,2,rotational_4,1880s,beginner,false
Eddystone Light,"[""Lighthouse""]",nine_patch,geometric,"[""hst""]",25,3,rotational_4,1890s,intermediate,false
Eight Hands Around,"[""Eight Hands Round""]",nine_patch,geometric,"[""hst""]",33,3,rotational_4,1890s,intermediate,false
Eight Hands Round,"[""Eight Hands Around""]",nine_patch,geometric,"[""hst""]",33,3,rotational_4,1890s,intermediate,false
Eight-Point Design,"[""Eight-Pointed Star""]",other,star,"[""diamond_piecing""]",16,3,rotational_4,1850s,intermediate,false
Eight-Pointed Star,"[""LeMoyne Star"", ""Star of LeMoyne""]",other,star,"[""diamond_piecing""]",8,2,rotational_4,1830s,intermediate,false
Enigma,"[]",nine_patch,geometric,"[""hst""]",25,3,rotational_4,1890s,intermediate,false
English Rose,"[]",nine_patch,nature,"[""applique""]",17,4,rotational_4,1860s,advanced,false
Evening Star,"[""Morning Star"", ""Sawtooth Star""]",nine_patch,star,"[""hst"", ""flying_geese""]",17,2,rotational_4,1850s,intermediate,false
Everybody's Favorite,"[]",nine_patch,geometric,"[""hst""]",21,3,rotational_4,1920s,intermediate,false
Fan,"[""Grandmother's Fan""]",other,geometric,"[""curved_piecing""]",6,4,asymmetric,1890s,intermediate,true
Fan and Rainbow,"[]",other,geometric,"[""curved_piecing""]",10,5,asymmetric,1900s,intermediate,true
Fan Patch,"[]",other,geometric,"[""curved_piecing""]",8,4,asymmetric,1890s,intermediate,true
Fanny's Fan,"[]",other,geometric,"[""curved_piecing""]",8,4,asymmetric,1900s,intermediate,true
Fantastic Patch,"[]",nine_patch,geometric,"[""hst""]",25,3,rotational_4,1900s,intermediate,false
Feather Star,"[""Sawtooth Star"", ""Twinkling Star""]",nine_patch,star,"[""hst""]",49,2,rotational_4,1850s,advanced,false
Fence Rail,"[""Rail Fence""]",other,geometric,"[""strip_piecing""]",3,3,rotational_4,1870s,beginner,false
Fence Row,"[]",other,geometric,"[""strip_piecing""]",12,3,rotational_4,1890s,beginner,false
Ferris Wheel,"[]",nine_patch,geometric,"[""hst""]",25,3,rotational_4,1900s,intermediate,false
Field Daisies,"[]",nine_patch,nature,"[""applique""]",17,4,rotational_4,1920s,advanced,false
Fifty Four Forty,"[""54-40 or Fight""]",nine_patch,star,"[""hst"", ""flying_geese""]",33,3,rotational_4,1840s,intermediate,false
Five-Pointed Star,"[]",other,star,"[""paper_piecing""]",10,2,rotational_4,1880s,intermediate,false
Five Stripes,"[]",other,geometric,"[""strip_piecing""]",5,5,mirror,1890s,beginner,false
Flagstones,"[]",other,geometric,"[""strip_piecing""]",16,2,mirror,1890s,beginner,false
Fleur-de-Lis,"[""Fleur de Lis""]",nine_patch,nature,"[""applique""]",13,3,rotational_4,1860s,advanced,false
Flower Basket,"[""Basket of Flowers""]",nine_patch,basket,"[""hst""]",17,3,asymmetric,1880s,intermediate,false
Flower Pot,"[""Flowerpot""]",nine_patch,basket,"[""hst""]",15,3,asymmetric,1890s,intermediate,false
Flutter Wheel,"[""Flutterwheel""]",nine_patch,geometric,"[""hst""]",21,3,rotational_4,1900s,intermediate,false
Flying Bat,"[]",nine_patch,nature,"[""hst""]",17,2,rotational_4,1890s,intermediate,false
Flying Fish,"[]",nine_patch,nature,"[""hst""]",21,3,rotational_4,1900s,intermediate,false
Flying Geese,"[""Wild Goose Chase""]",other,nature,"[""flying_geese""]",varies,2,mirror,1850s,beginner,false
Flying Shuttles,"[]",nine_patch,geometric,"[""hst""]",21,3,rotational_4,1890s,intermediate,false
Flying Star,"[]",nine_patch,star,"[""hst""]",25,3,rotational_4,1900s,intermediate,false
Fool's Puzzle,"[""Fool's Square""]",other,geometric,"[""curved_piecing""]",16,2,rotational_4,1890s,intermediate,true
Fool's Square,"[""Fool's Puzzle""]",nine_patch,geometric,"[""hst""]",21,3,rotational_4,1890s,intermediate,false
Forbidden Fruit Tree,"[]",nine_patch,nature,"[""hst"", ""applique""]",25,4,asymmetric,1880s,advanced,false
Forest Pattern,"[""Pine Tree""]",nine_patch,nature,"[""hst""]",25,2,asymmetric,1890s,intermediate,false
Four Crown,"[]",nine_patch,star,"[""hst""]",25,3,rotational_4,1890s,intermediate,false
Four E's,"[]",nine_patch,geometric,"[""strip_piecing""]",17,2,rotational_4,1900s,beginner,false
Four Frogs Quilt,"[]",nine_patch,nature,"[""hst""]",21,3,rotational_4,1900s,intermediate,false
Four Little Birds,"[]",nine_patch,nature,"[""hst""]",21,3,rotational_4,1920s,intermediate,false
Four Patch,"[""Four-Patch""]",four_patch,geometric,"[""strip_piecing""]",4,2,rotational_4,1800s,beginner,false
Four Points,"[]",nine_patch,geometric,"[""hst""]",17,2,rotational_4,1890s,intermediate,false
Four Stars Patch,"[]",nine_patch,star,"[""hst""]",25,3,rotational_4,1900s,intermediate,false
Four X Star,"[]",nine_patch,star,"[""hst""]",21,3,rotational_4,1900s,intermediate,false
Fox and Geese,"[""Double X""]",nine_patch,nature,"[""hst""]",21,2,rotational_4,1890s,intermediate,false
Freedom Quilt,"[]",nine_patch,geometric,"[""hst""]",25,3,rotational_4,1860s,intermediate,false
French Basket,"[]",nine_patch,basket,"[""hst""]",17,3,asymmetric,1890s,intermediate,false
Friendship,"[""Friendship Star""]",nine_patch,star,"[""hst""]",9,2,rotational_4,1870s,beginner,false
Friendship Quilt,"[""Album Block""]",nine_patch,geometric,"[""strip_piecing""]",13,2,rotational_4,1840s,beginner,false
Friendship Star,"[""Friendship Block""]",nine_patch,star,"[""hst""]",9,2,rotational_4,1870s,beginner,false
Fruit Basket,"[""Basket""]",nine_patch,basket,"[""hst""]",17,2,asymmetric,1880s,intermediate,false
Garden of Eden,"[]",nine_patch,nature,"[""hst"", ""applique""]",25,4,rotational_4,1880s,advanced,false
Garfield's Monument,"[]",nine_patch,geometric,"[""hst""]",25,3,rotational_4,1881,intermediate,false
Garret Windows,"[""Attic Windows""]",other,geometric,"[""strip_piecing""]",3,3,mirror,1880s,beginner,false
Gentleman's Fancy,"[]",nine_patch,geometric,"[""hst""]",25,3,rotational_4,1890s,intermediate,false
Georgetown Circle,"[""Crown of Thorns""]",nine_patch,geometric,"[""hst""]",25,3,rotational_4,1880s,intermediate,false
Girl's Favorite,"[]",nine_patch,geometric,"[""hst""]",21,3,rotational_4,1920s,intermediate,false
Girl's Joy,"[]",nine_patch,geometric,"[""hst""]",17,3,rotational_4,1920s,intermediate,false
Globe The,"[]",nine_patch,geometric,"[""curved_piecing""]",17,3,rotational_4,1890s,intermediate,true
Golden Gates,"[]",nine_patch,geometric,"[""hst""]",25,3,rotational_4,1890s,intermediate,false
Goose in the Pond,"[""Young Man's Fancy""]",five_patch,nature,"[""hst""]",41,2,rotational_4,1880s,intermediate,false
Goose Tracks,"[""Goosetracks"", ""Bear's Paw""]",seven_patch,nature,"[""hst""]",36,2,rotational_4,1870s,intermediate,false
Goosetracks,"[""Goose Tracks""]",seven_patch,nature,"[""hst""]",36,2,rotational_4,1870s,intermediate,false
Gourd Vine,"[]",nine_patch,nature,"[""hst""]",21,3,rotational_4,1890s,intermediate,false
Grandmother's Basket,"[""Basket""]",nine_patch,basket,"[""hst""]",17,2,asymmetric,1890s,intermediate,false
Grandmother's Choice,"[]",nine_patch,geometric,"[""hst""]",21,3,rotational_4,1890s,intermediate,false
Grandmother's Cross,"[""Grandma's Cross""]",nine_patch,geometric,"[""hst""]",21,2,rotational_4,1880s,intermediate,false
Grandmother's Dream,"[]",nine_patch,star,"[""hst""]",25,3,rotational_4,1890s,intermediate,false
Grandmother's Engagement Ring,"[]",other,geometric,"[""curved_piecing""]",varies,3,rotational_4,1920s,advanced,true
Grandmother's Fan,"[""Fan"", ""Dresden Fan""]",other,geometric,"[""curved_piecing""]",8,5,asymmetric,1890s,intermediate,true
Grandmother's Flower Garden,"[""Hexagon"", ""Honeycomb""]",other,nature,"[""english_paper_piecing""]",7,3,rotational_4,1920s,intermediate,false
Grandmother's Own,"[]",nine_patch,geometric,"[""hst""]",21,3,rotational_4,1890s,intermediate,false
Grandmother's Puzzle,"[]",nine_patch,geometric,"[""hst""]",21,3,rotational_4,1890s,intermediate,false
Grape Basket,"[]",nine_patch,basket,"[""hst""]",21,3,asymmetric,1880s,intermediate,false
Grapes and Vines,"[]",nine_patch,nature,"[""applique""]",17,4,rotational_4,1870s,advanced,false
Grecian Design,"[""Greek Design""]",nine_patch,geometric,"[""strip_piecing""]",21,2,rotational_4,1890s,intermediate,false
Greek Cross,"[]",nine_patch,geometric,"[""strip_piecing""]",13,2,rotational_4,1880s,beginner,false
Greek Key,"[]",other,geometric,"[""strip_piecing""]",varies,2,rotational_4,1890s,intermediate,false
Greek Square,"[]",nine_patch,geometric,"[""strip_piecing""]",17,2,rotational_4,1890s,intermediate,false
Guiding Star,"[]",nine_patch,star,"[""hst""]",25,3,rotational_4,1890s,intermediate,false
Hairpin Catcher,"[]",nine_patch,geometric,"[""hst""]",21,3,rotational_4,1890s,intermediate,false
Hand The,"[""The Hand""]",nine_patch,geometric,"[""applique""]",5,2,asymmetric,1880s,intermediate,false
Hands All Around,"[""Hands All Round""]",nine_patch,geometric,"[""hst"", ""curved_piecing""]",25,3,rotational_4,1890s,intermediate,true
Handy Andy,"[]",nine_patch,geometric,"[""hst""]",21,2,rotational_4,1890s,intermediate,false
Harrison Rose,"[]",nine_patch,nature,"[""applique""]",17,4,rotational_4,1840s,advanced,false
Harvest Rose,"[]",nine_patch,nature,"[""applique""]",17,4,rotational_4,1880s,advanced,false
Hatchet,"[""Tomahawk""]",nine_patch,geometric,"[""hst""]",13,2,asymmetric,1890s,beginner,false
Hearts and Gizzards,"[""Drunkard's Path Variation""]",other,geometric,"[""curved_piecing""]",16,2,rotational_4,1890s,intermediate,true
Hen and Chickens,"[""Hens and Chickens""]",nine_patch,nature,"[""hst""]",21,2,rotational_4,1890s,intermediate,false
Hens and Chickens,"[""Hen and Chickens"", ""Corn and Beans""]",nine_patch,nature,"[""hst""]",21,2,rotational_4,1890s,intermediate,false
Hexagonal,"[""Hexagon""]",other,geometric,"[""english_paper_piecing""]",7,3,rotational_4,1870s,intermediate,false
Hickory Leaf,"[]",nine_patch,nature,"[""hst""]",21,2,rotational_4,1890s,intermediate,false
Hidden Star,"[]",nine_patch,star,"[""hst""]",25,3,rotational_4,1900s,intermediate,false
Hither and Yon,"[]",nine_patch,geometric,"[""hst""]",21,3,rotational_4,1920s,intermediate,false
Hobson's Kiss,"[]",nine_patch,geometric,"[""hst""]",21,3,rotational_4,1900s,intermediate,false
Home Treasure,"[]",nine_patch,geometric,"[""hst""]",25,3,rotational_4,1890s,intermediate,false
Honeycomb,"[""Grandmother's Flower Garden""]",other,geometric,"[""english_paper_piecing""]",varies,3,rotational_4,1870s,intermediate,false
Honeycomb Patch,"[]",other,geometric,"[""english_paper_piecing""]",19,3,rotational_4,1880s,intermediate,false
Honey Bee,"[""Honeybee""]",nine_patch,nature,"[""hst"", ""applique""]",21,3,rotational_4,1890s,intermediate,false
Hopes and Wishes,"[]",nine_patch,geometric,"[""hst""]",21,3,rotational_4,1890s,intermediate,false
Hourglass,"[""Hour Glass""]",four_patch,geometric,"[""hst""]",8,2,rotational_4,1870s,beginner,false
Hour Glass,"[""Hourglass""]",four_patch,geometric,"[""hst""]",8,2,rotational_4,1870s,beginner,false
House That Jack Built,"[""Schoolhouse""]",nine_patch,house,"[""strip_piecing""]",17,3,asymmetric,1870s,intermediate,false
Hovering Hawks,"[""Hawks""]",nine_patch,nature,"[""hst"", ""flying_geese""]",25,2,rotational_4,1890s,intermediate,false
Ice Cream Bowl,"[""Ice Cream Cone""]",nine_patch,geometric,"[""curved_piecing""]",13,3,rotational_4,1920s,intermediate,true
Imperial Tea,"[]",nine_patch,geometric,"[""hst""]",21,3,rotational_4,1890s,intermediate,false
Indiana Wreath,"[]",nine_patch,nature,"[""applique""]",13,4,rotational_4,1860s,advanced,false
Indian Hatchets,"[""Tomahawk""]",nine_patch,geometric,"[""hst""]",17,2,rotational_4,1890s,intermediate,false
Indian Plumes,"[]",nine_patch,nature,"[""hst""]",25,3,rotational_4,1890s,intermediate,false
Interlaced Blocks,"[]",nine_patch,geometric,"[""hst""]",25,3,rotational_4,1890s,intermediate,false
Iris,"[""Iris Flower""]",nine_patch,nature,"[""applique""]",13,4,rotational_4,1920s,advanced,false
Irish Chain,"[""Single Irish Chain""]",chain,chain,"[""strip_piecing""]",25,2,rotational_4,1814,beginner,false
Irish Puzzle,"[]",four_patch,geometric,"[""hst""]",16,2,rotational_4,1890s,intermediate,false
Jack in the Pulpit,"[]",nine_patch,nature,"[""hst""]",21,3,asymmetric,1890s,intermediate,false
Jack's Blocks,"[]",four_patch,geometric,"[""hst""]",16,3,rotational_4,1900s,intermediate,false
Jack's House,"[""House Block""]",nine_patch,house,"[""strip_piecing""]",17,3,asymmetric,1890s,intermediate,false
Jacob's Ladder,"[""Road to California"", ""Underground Railroad""]",four_patch,chain,"[""hst""]",20,2,rotational_4,1850s,beginner,false
Job's Tears,"[""Slave Chain""]",nine_patch,geometric,"[""curved_piecing""]",17,2,rotational_4,1880s,intermediate,true
Job's Troubles,"[""Job's Tears""]",nine_patch,geometric,"[""hst""]",21,3,rotational_4,1880s,intermediate,false
Johnnie Round the Corner,"[""Johnny Round the Corner""]",nine_patch,geometric,"[""hst""]",21,3,rotational_4,1890s,intermediate,false
Joining Star,"[]",nine_patch,star,"[""hst""]",25,3,rotational_4,1900s,intermediate,false
Jonquils,"[]",nine_patch,nature,"[""applique""]",13,3,rotational_4,1920s,advanced,false
Joseph's Coat,"[""Joseph's Robe""]",other,geometric,"[""strip_piecing""]",varies,5,rotational_4,1880s,intermediate,false
Joseph's Necktie,"[]",nine_patch,geometric,"[""hst""]",21,3,rotational_4,1890s,intermediate,false
Joy Bells,"[]",nine_patch,geometric,"[""hst""]",21,3,rotational_4,1920s,intermediate,false
Kaleidoscope,"[]",four_patch,geometric,"[""hst""]",8,4,rotational_4,1890s,intermediate,false
Kansas Star,"[]",nine_patch,star,"[""hst""]",25,3,rotational_4,1890s,intermediate,false
Kansas Sunflower,"[""Sunflower""]",nine_patch,nature,"[""hst"", ""applique""]",29,4,rotational_4,1900s,intermediate,false
Kansas Troubles,"[""Kansas Trouble""]",four_patch,geometric,"[""hst""]",24,2,rotational_4,1880s,intermediate,false
King's Crown,"[""King's Crowns""]",nine_patch,star,"[""hst""]",25,3,rotational_4,1890s,intermediate,false
King's Crows,"[]",nine_patch,star,"[""hst""]",25,3,rotational_4,1890s,intermediate,false
Ladies Aid Block,"[]",nine_patch,geometric,"[""hst""]",21,3,rotational_4,1900s,intermediate,false
Ladies' Beautiful Star,"[]",nine_patch,star,"[""hst""]",29,3,rotational_4,1890s,intermediate,false
Ladies' Delight,"[]",nine_patch,geometric,"[""hst""]",21,3,rotational_4,1890s,intermediate,false
Ladies' Wreath,"[""Wreath""]",nine_patch,nature,"[""applique""]",13,4,rotational_4,1870s,advanced,false
Lady Fingers,"[]",nine_patch,geometric,"[""hst""]",17,2,rotational_4,1890s,intermediate,false
Lady of the Lake,"[]",five_patch,geometric,"[""hst""]",41,2,rotational_4,1850s,intermediate,false
Lattice Square,"[]",nine_patch,geometric,"[""strip_piecing""]",21,2,rotational_4,1890s,beginner,false
Leap Frog,"[""Leapfrog""]",nine_patch,geometric,"[""hst""]",21,3,rotational_4,1900s,intermediate,false
LeMoyne Star,"[""Lemon Star"", ""Eight-Pointed Star""]",other,star,"[""diamond_piecing""]",8,2,rotational_4,1830s,intermediate,false
Letter H,"[""Capital H""]",nine_patch,geometric,"[""strip_piecing""]",13,2,rotational_2,1890s,beginner,false
Letter X,"[""Capital X""]",nine_patch,geometric,"[""hst""]",17,2,rotational_4,1890s,beginner,false
Lightning Streak,"[""Streak of Lightning""]",other,geometric,"[""strip_piecing""]",varies,2,mirror,1890s,beginner,false
Lilies of the Field,"[]",nine_patch,nature,"[""hst""]",21,3,asymmetric,1890s,intermediate,false
Lily,"[""Lily Block""]",nine_patch,nature,"[""hst""]",17,3,asymmetric,1870s,intermediate,false
Lily of the Valley,"[]",nine_patch,nature,"[""applique""]",13,4,asymmetric,1880s,advanced,false
Lily Quilt Pattern,"[]",nine_patch,nature,"[""hst""]",21,3,asymmetric,1880s,intermediate,false
Lincoln's Platform,"[]",seven_patch,geometric,"[""hst""]",49,3,rotational_4,1860s,intermediate,false
Linoleum,"[]",nine_patch,geometric,"[""strip_piecing""]",25,3,rotational_4,1920s,intermediate,false
Linton,"[]",nine_patch,geometric,"[""hst""]",21,3,rotational_4,1900s,intermediate,false
Little Beech Tree,"[]",nine_patch,nature,"[""hst""]",17,2,asymmetric,1890s,intermediate,false
Little Red House The,"[""Schoolhouse""]",nine_patch,house,"[""strip_piecing""]",17,3,asymmetric,1880s,intermediate,false
Live Oak Tree,"[]",nine_patch,nature,"[""hst""]",21,3,asymmetric,1890s,intermediate,false
Lobster The,"[]",nine_patch,nature,"[""hst""]",21,3,rotational_4,1900s,intermediate,false
Log Cabin,"[""Log Cabin Quilt""]",log_cabin,log_cabin,"[""strip_piecing""]",17,5,rotational_4,1860s,beginner,false
Log Patch,"[""Log Cabin Variation""]",log_cabin,log_cabin,"[""strip_piecing""]",13,4,rotational_4,1870s,beginner,false
London Roads,"[]",nine_patch,geometric,"[""hst""]",21,3,rotational_4,1890s,intermediate,false
Lone Star,"[""Star of Bethlehem"", ""Blazing Star""]",other,star,"[""diamond_piecing""]",64,5,rotational_4,1830s,advanced,false
Love Rose,"[]",nine_patch,nature,"[""applique""]",17,4,rotational_4,1870s,advanced,false
Lover's Knot,"[""Lover's Knot"", ""True Lover's Knot""]",nine_patch,geometric,"[""hst""]",21,3,rotational_4,1890s,intermediate,false
Lover's Links,"[]",nine_patch,geometric,"[""hst""]",21,3,rotational_4,1890s,intermediate,false
Lover's Quarrel,"[]",nine_patch,geometric,"[""hst""]",21,3,rotational_4,1890s,intermediate,false
Lucky Clover,"[""Four Leaf Clover""]",nine_patch,nature,"[""curved_piecing""]",17,2,rotational_4,1900s,intermediate,true
Magic Circle,"[]",other,geometric,"[""curved_piecing""]",varies,3,rotational_4,1890s,intermediate,true
Magic Cross,"[]",nine_patch,geometric,"[""hst""]",21,2,rotational_4,1890s,intermediate,false
Maltese Cross No. 1,"[""Maltese Cross""]",nine_patch,geometric,"[""hst""]",25,2,rotational_4,1890s,intermediate,false
Maltese Cross No. 2,"[]",nine_patch,geometric,"[""hst""]",29,2,rotational_4,1890s,intermediate,false
Maple Leaf,"[""Autumn Leaf""]",nine_patch,nature,"[""hst""]",17,2,asymmetric,1880s,intermediate,false
Mariner's Compass,"[""Compass"", ""Sunburst""]",other,star,"[""paper_piecing""]",32,4,rotational_4,1830s,advanced,false
Mary's Garden,"[]",nine_patch,nature,"[""applique""]",17,4,rotational_4,1900s,advanced,false
May Basket,"[""Basket""]",nine_patch,basket,"[""hst""]",17,2,asymmetric,1890s,intermediate,false
May Berry Leaf,"[]",nine_patch,nature,"[""hst""]",17,3,asymmetric,1890s,intermediate,false
Mayflower The,"[]",nine_patch,nature,"[""hst""]",21,3,rotational_4,1890s,intermediate,false
Medallion,"[]",nine_patch,geometric,"[""hst""]",25,3,rotational_4,1890s,intermediate,false
Memory Blocks,"[""Album Block""]",nine_patch,geometric,"[""strip_piecing""]",13,3,rotational_4,1880s,beginner,false
Memory Circle,"[]",other,geometric,"[""curved_piecing""]",17,3,rotational_4,1900s,intermediate,true
Memory Lane,"[]",nine_patch,geometric,"[""hst""]",21,3,rotational_4,1920s,intermediate,false
Merry Go Round,"[""Merry-Go-Round""]",nine_patch,geometric,"[""hst""]",25,3,rotational_4,1920s,intermediate,false
Merry Kite,"[]",nine_patch,geometric,"[""hst""]",21,3,asymmetric,1920s,intermediate,false
Mexican Rose,"[]",nine_patch,nature,"[""applique""]",17,4,rotational_4,1880s,advanced,false
Mexican Star,"[]",nine_patch,star,"[""hst""]",25,3,rotational_4,1890s,intermediate,false
Milky Way,"[]",four_patch,star,"[""hst""]",16,2,rotational_4,1890s,intermediate,false
Missouri Beauty,"[]",nine_patch,star,"[""hst""]",25,3,rotational_4,1890s,intermediate,false
Missouri Star,"[]",nine_patch,star,"[""hst""]",25,3,rotational_4,1890s,intermediate,false
Modern Tulip,"[]",nine_patch,nature,"[""hst""]",21,3,asymmetric,1920s,intermediate,false
Mollie's Choice,"[]",nine_patch,geometric,"[""hst""]",21,3,rotational_4,1900s,intermediate,false
Monkey Wrench,"[""Churn Dash"", ""Snail's Trail""]",nine_patch,geometric,"[""hst""]",13,2,rotational_4,1880s,beginner,false
Moon and Stars,"[]",nine_patch,star,"[""hst"", ""applique""]",25,3,rotational_4,1900s,intermediate,false
Morning Glory,"[]",nine_patch,nature,"[""applique""]",13,4,rotational_4,1890s,advanced,false
Morning Glory Wreath,"[]",nine_patch,nature,"[""applique""]",17,4,rotational_4,1890s,advanced,false
Morning Star,"[""Evening Star"", ""Sawtooth Star""]",nine_patch,star,"[""hst"", ""flying_geese""]",17,2,rotational_4,1850s,intermediate,false
Mosaic,"[""Mosaic Block""]",other,geometric,"[""english_paper_piecing""]",varies,3,rotational_4,1870s,intermediate,false
Mother's Dream,"[]",nine_patch,geometric,"[""hst""]",25,3,rotational_4,1890s,intermediate,false
Mother's Fancy,"[]",nine_patch,geometric,"[""hst""]",21,3,rotational_4,1890s,intermediate,false
Mrs. Cleveland's Choice,"[]",nine_patch,star,"[""hst""]",25,3,rotational_4,1890s,intermediate,false
Mrs. Morgan's Choice,"[]",nine_patch,star,"[""hst""]",25,3,rotational_4,1890s,intermediate,false
Navajo,"[]",nine_patch,geometric,"[""hst""]",25,3,rotational_4,1920s,intermediate,false
Neck Tie,"[""Necktie"", ""Bow Tie""]",four_patch,geometric,"[""hst""]",8,2,rotational_4,1890s,beginner,false
Necktie,"[""Bow Tie"", ""Neck Tie""]",four_patch,geometric,"[""hst""]",8,2,rotational_4,1890s,beginner,false
Needle Book,"[]",nine_patch,geometric,"[""hst""]",17,2,asymmetric,1890s,intermediate,false
Nelson's Victory,"[]",nine_patch,star,"[""hst""]",25,3,rotational_4,1890s,intermediate,false
New Album,"[]",nine_patch,geometric,"[""strip_piecing""]",17,3,rotational_4,1900s,beginner,false
New Four Patch,"[]",four_patch,geometric,"[""hst""]",16,2,rotational_4,1900s,beginner,false
New Star,"[]",nine_patch,star,"[""hst""]",25,3,rotational_4,1900s,intermediate,false
Nine Patch,"[""Nine-Patch""]",nine_patch,geometric,"[""strip_piecing""]",9,2,rotational_4,1800s,beginner,false
No Name Quilt,"[]",nine_patch,geometric,"[""hst""]",21,3,rotational_4,1890s,intermediate,false
Nonsuch,"[]",nine_patch,geometric,"[""hst""]",25,3,rotational_4,1890s,intermediate,false
North Star,"[""Mariner's Compass""]",nine_patch,star,"[""hst""]",25,3,rotational_4,1870s,intermediate,false
Novel Star,"[]",nine_patch,star,"[""hst""]",25,3,rotational_4,1900s,intermediate,false
Oak Leaf,"[""Oak Leaf and Reel""]",nine_patch,nature,"[""applique""]",17,3,rotational_4,1850s,advanced,false
Oak Leaf and Acorns,"[]",nine_patch,nature,"[""applique""]",21,4,rotational_4,1860s,advanced,false
Oak Leaf and Tulip,"[]",nine_patch,nature,"[""applique""]",21,4,rotational_4,1860s,advanced,false
Ocean Wave,"[""Ocean Waves""]",four_patch,geometric,"[""hst""]",16,2,rotational_4,1870s,intermediate,false
Ocean Waves,"[""Ocean Wave""]",four_patch,geometric,"[""hst""]",32,2,rotational_4,1870s,intermediate,false
Octagon,"[""Octagonal""]",other,geometric,"[""strip_piecing""]",9,2,rotational_4,1880s,beginner,false
Octagon File,"[]",other,geometric,"[""strip_piecing""]",13,2,rotational_4,1890s,intermediate,false
Odd Fellows' Chain,"[""Odd Fellows Chain""]",nine_patch,chain,"[""hst""]",25,3,rotational_4,1880s,intermediate,false
Odd Patchwork,"[]",nine_patch,geometric,"[""hst""]",varies,3,asymmetric,1890s,intermediate,false
Odd Pattern An,"[]",nine_patch,geometric,"[""hst""]",21,3,asymmetric,1890s,intermediate,false
Odds and Ends,"[]",nine_patch,geometric,"[""hst""]",varies,4,asymmetric,1890s,intermediate,false
Odd Star,"[]",nine_patch,star,"[""hst""]",25,3,rotational_4,1890s,intermediate,false
Ohio Beauty,"[]",nine_patch,star,"[""hst""]",25,3,rotational_4,1890s,intermediate,false
Ohio Star,"[""Variable Star"", ""Lone Star""]",nine_patch,star,"[""hst""]",21,2,rotational_4,1800s,intermediate,false
Oklahoma Boomer,"[]",nine_patch,geometric,"[""hst""]",25,3,rotational_4,1890s,intermediate,false
Old Bachelor's Puzzle,"[""Bachelor's Puzzle""]",nine_patch,geometric,"[""hst""]",21,2,rotational_4,1890s,intermediate,false
Old Homestead The,"[""Schoolhouse""]",nine_patch,house,"[""strip_piecing""]",21,4,asymmetric,1880s,intermediate,false
Old Maid's Puzzle,"[""Bachelor's Puzzle""]",nine_patch,geometric,"[""hst""]",21,2,rotational_4,1880s,intermediate,false
Old Maid's Ramble,"[]",nine_patch,geometric,"[""hst""]",21,3,rotational_4,1890s,intermediate,false
Old Patchwork An,"[]",nine_patch,geometric,"[""hst""]",varies,3,asymmetric,1890s,intermediate,false
Old Scrap Patchwork,"[]",nine_patch,geometric,"[""hst""]",varies,4,asymmetric,1890s,intermediate,false
Old Tippecanoe,"[]",nine_patch,geometric,"[""hst""]",25,3,rotational_4,1840s,intermediate,false
Olive Branch,"[]",nine_patch,nature,"[""applique""]",17,3,rotational_4,1870s,advanced,false
Orange Peel,"[]",other,geometric,"[""curved_piecing"", ""applique""]",4,2,rotational_4,1890s,intermediate,true
Ozark Trail,"[]",nine_patch,geometric,"[""hst""]",25,3,rotational_4,1920s,intermediate,false
Pansies and Butterflies,"[]",nine_patch,nature,"[""applique""]",21,4,asymmetric,1920s,advanced,false
Patch as Patch Can,"[]",nine_patch,geometric,"[""hst""]",varies,3,asymmetric,1890s,intermediate,false
Paving Blocks,"[]",other,geometric,"[""strip_piecing""]",12,2,rotational_2,1890s,beginner,false
Peacocks and Flowers,"[]",nine_patch,nature,"[""applique""]",17,4,rotational_4,1880s,advanced,false
Pennsylvania Rose,"[""Penn Rose""]",nine_patch,nature,"[""applique""]",17,4,rotational_4,1850s,advanced,false
Peony Block,"[""Peony""]",nine_patch,nature,"[""applique""]",17,4,rotational_4,1860s,advanced,false
Persian Palm Lily,"[]",nine_patch,nature,"[""hst"", ""applique""]",21,4,rotational_4,1890s,advanced,false
Philadelphia Beauty,"[]",other,star,"[""paper_piecing""]",varies,4,rotational_4,1890s,advanced,false
Philadelphia Pavement,"[]",nine_patch,geometric,"[""strip_piecing""]",25,3,rotational_4,1890s,intermediate,false
Philippines The,"[]",nine_patch,geometric,"[""hst""]",25,3,rotational_4,1898,intermediate,false
Pickle Dish,"[""Double Wedding Ring Variation""]",other,geometric,"[""curved_piecing""]",varies,4,rotational_4,1920s,advanced,true
Picture Frame,"[]",nine_patch,geometric,"[""strip_piecing""]",17,3,rotational_4,1920s,beginner,false
Pieced Star,"[]",nine_patch,star,"[""hst""]",25,3,rotational_4,1890s,intermediate,false
Pilgrim's Pride,"[]",nine_patch,geometric,"[""hst""]",25,3,rotational_4,1890s,intermediate,false
Pincushion,"[]",nine_patch,geometric,"[""hst""]",17,2,rotational_4,1890s,intermediate,false
Pincushion and Burr,"[]",nine_patch,geometric,"[""hst""]",21,3,rotational_4,1890s,intermediate,false
Pineapple,"[""Pineapple Log Cabin""]",log_cabin,log_cabin,"[""foundation_piecing""]",varies,4,rotational_4,1870s,intermediate,false
Pineapple Patterns,"[]",log_cabin,log_cabin,"[""foundation_piecing""]",varies,4,rotational_4,1870s,intermediate,false
Pine Tree,"[""Tree of Paradise""]",nine_patch,nature,"[""hst""]",25,2,asymmetric,1850s,intermediate,false
Pinwheel,"[""Pinwheels""]",four_patch,geometric,"[""hst""]",8,2,rotational_4,1870s,beginner,false
Pinwheels,"[""Pinwheel""]",four_patch,geometric,"[""hst""]",8,2,rotational_4,1870s,beginner,false
Poinsettia,"[]",nine_patch,nature,"[""applique""]",17,4,rotational_4,1920s,advanced,false
Poppy,"[""California Poppy""]",nine_patch,nature,"[""applique""]",13,4,rotational_4,1920s,advanced,false
Prairie Rose,"[]",nine_patch,nature,"[""applique""]",17,4,rotational_4,1870s,advanced,false
Premium Star,"[]",nine_patch,star,"[""hst""]",25,3,rotational_4,1890s,intermediate,false
President's Quilt,"[]",nine_patch,star,"[""hst""]",29,3,rotational_4,1890s,intermediate,false
Princess Feather,"[""Prince's Feather""]",other,nature,"[""applique""]",4,3,rotational_4,1840s,advanced,false
Priscilla The,"[]",nine_patch,geometric,"[""hst""]",21,3,rotational_4,1890s,intermediate,false
Propeller,"[]",four_patch,geometric,"[""hst""]",16,2,rotational_4,1920s,intermediate,false
Providence,"[]",nine_patch,geometric,"[""hst""]",25,3,rotational_4,1890s,intermediate,false
Pullman Puzzle,"[]",nine_patch,geometric,"[""hst""]",25,3,rotational_4,1890s,intermediate,false
Puss-in-the-Corner,"[""Puss in the Corner""]",nine_patch,geometric,"[""strip_piecing""]",9,2,rotational_4,1880s,beginner,false
Puzzle File,"[]",nine_patch,geometric,"[""hst""]",25,3,rotational_4,1890s,intermediate,false
Pyrotechnics,"[""Fireworks""]",nine_patch,star,"[""hst""]",25,3,rotational_4,1890s,intermediate,false
Quartette The,"[]",four_patch,geometric,"[""hst""]",16,3,rotational_4,1890s,intermediate,false
Radical Rose,"[]",nine_patch,nature,"[""applique""]",17,4,rotational_4,1860s,advanced,false
Rail Fence,"[""Fence Rail""]",other,geometric,"[""strip_piecing""]",3,3,rotational_4,1870s,beginner,false
Railroad The,"[""Railroad Block""]",nine_patch,geometric,"[""strip_piecing""]",17,2,rotational_4,1890s,beginner,false
Rainbow,"[]",other,geometric,"[""curved_piecing""]",varies,7,asymmetric,1920s,intermediate,true
Rambler Block,"[]",nine_patch,geometric,"[""hst""]",21,3,rotational_4,1920s,intermediate,false
Red Cross,"[]",nine_patch,geometric,"[""strip_piecing""]",13,2,rotational_4,1917,beginner,false
Ribbon Squares,"[]",four_patch,geometric,"[""strip_piecing""]",16,3,rotational_4,1890s,beginner,false
Ribbon Star,"[]",nine_patch,star,"[""hst""]",25,3,rotational_4,1890s,intermediate,false
Right and Left,"[]",nine_patch,geometric,"[""hst""]",17,2,rotational_2,1890s,intermediate,false
Rising Star,"[]",nine_patch,star,"[""hst""]",25,3,rotational_4,1890s,intermediate,false
Rising Sun,"[""Sunburst""]",other,star,"[""paper_piecing""]",varies,4,rotational_4,1870s,advanced,false
Road to California,"[""Jacob's Ladder""]",four_patch,chain,"[""hst""]",20,2,rotational_4,1850s,beginner,false
Road to Oklahoma,"[]",four_patch,chain,"[""hst""]",20,2,rotational_4,1890s,intermediate,false
Rob Peter to Pay Paul,"[""Robbing Peter to Pay Paul""]",other,geometric,"[""curved_piecing""]",16,2,rotational_4,1890s,intermediate,true
Robbing Peter to Pay Paul,"[""Rob Peter to Pay Paul"", ""Drunkard's Path""]",other,geometric,"[""curved_piecing""]",16,2,rotational_4,1890s,intermediate,true
Rockingham's Beauty,"[]",nine_patch,star,"[""hst""]",29,3,rotational_4,1890s,intermediate,false
Rocky Glen,"[]",nine_patch,geometric,"[""hst""]",25,3,rotational_4,1890s,intermediate,false
Rocky Road to California,"[]",four_patch,chain,"[""hst""]",24,2,rotational_4,1890s,intermediate,false
Rocky Road to Kansas,"[]",four_patch,chain,"[""hst""]",24,2,rotational_4,1890s,intermediate,false
Rolling Pinwheel,"[]",four_patch,geometric,"[""hst""]",16,2,rotational_4,1890s,beginner,false
Rolling Star,"[""Rolling Stone""]",nine_patch,star,"[""hst""]",25,3,rotational_4,1890s,intermediate,false
Rolling Stone,"[""Rolling Star""]",nine_patch,geometric,"[""hst""]",21,3,rotational_4,1890s,intermediate,false
Rolling Stones,"[]",nine_patch,geometric,"[""hst""]",25,3,rotational_4,1890s,intermediate,false
Roman Cross,"[]",nine_patch,geometric,"[""strip_piecing""]",17,2,rotational_4,1880s,beginner,false
Roman Stripe,"[""Roman Stripes""]",other,geometric,"[""strip_piecing""]",varies,5,mirror,1880s,beginner,false
Rose,"[""Rose Block""]",nine_patch,nature,"[""applique""]",13,4,rotational_4,1850s,advanced,false
Rose Album,"[]",nine_patch,nature,"[""applique""]",17,4,rotational_4,1850s,advanced,false
Rose and Feather,"[]",nine_patch,nature,"[""applique""]",17,4,rotational_4,1860s,advanced,false
Rose of Dixie,"[]",nine_patch,nature,"[""applique""]",17,4,rotational_4,1860s,advanced,false
Rose of LeMoine,"[""Rose of LeMoyne""]",nine_patch,nature,"[""applique"", ""diamond_piecing""]",17,4,rotational_4,1840s,advanced,false
Rose of Sharon,"[""Rose of Sharon""]",nine_patch,nature,"[""applique""]",13,4,rotational_4,1840s,advanced,false
Rose of St. Louis,"[]",nine_patch,nature,"[""applique""]",17,4,rotational_4,1870s,advanced,false
Rose of the Carolinas,"[]",nine_patch,nature,"[""applique""]",17,4,rotational_4,1860s,advanced,false
Rose Sprig,"[]",nine_patch,nature,"[""applique""]",9,3,rotational_4,1870s,intermediate,false
Rosebud,"[""Rose Bud""]",nine_patch,nature,"[""applique""]",13,4,rotational_4,1880s,advanced,false
Round Robin,"[]",other,geometric,"[""curved_piecing""]",varies,4,rotational_4,1920s,intermediate,true
Royal Japanese Vase,"[]",nine_patch,nature,"[""applique""]",13,4,rotational_4,1890s,advanced,false
Royal The,"[]",nine_patch,star,"[""hst""]",25,3,rotational_4,1890s,intermediate,false
Salem,"[]",nine_patch,geometric,"[""hst""]",25,3,rotational_4,1890s,intermediate,false
Sarah's Favorite,"[""Sarah's Favourite""]",nine_patch,geometric,"[""hst""]",21,3,rotational_4,1890s,intermediate,false
Sashed Album,"[]",nine_patch,geometric,"[""strip_piecing""]",17,3,rotational_4,1870s,beginner,false
Sashed Star,"[]",nine_patch,star,"[""hst""]",25,3,rotational_4,1890s,intermediate,false
Sawtooth,"[""Sawtooth Border""]",other,geometric,"[""hst""]",varies,2,mirror,1850s,beginner,false
Sawtooth Patchwork,"[]",other,geometric,"[""hst""]",varies,2,mirror,1860s,beginner,false
Sawtooth Star,"[""Evening Star"", ""Morning Star""]",nine_patch,star,"[""hst"", ""flying_geese""]",17,2,rotational_4,1850s,intermediate,false
Schoolhouse,"[""School House"", ""Little Red Schoolhouse""]",nine_patch,house,"[""strip_piecing""]",21,3,asymmetric,1870s,intermediate,false
School Girl's Puzzle,"[""Schoolgirl Puzzle""]",nine_patch,geometric,"[""hst""]",21,3,rotational_4,1890s,intermediate,false
Scissors Chain,"[]",nine_patch,geometric,"[""hst""]",21,3,rotational_4,1890s,intermediate,false
Seven Stars,"[]",nine_patch,star,"[""hst""]",33,3,rotational_4,1890s,intermediate,false
Shelf Chain,"[]",nine_patch,chain,"[""strip_piecing""]",21,2,rotational_4,1890s,intermediate,false
Shield,"[""Shield Block""]",nine_patch,geometric,"[""hst""]",17,2,rotational_4,1890s,intermediate,false
Shoo Fly,"[""Shoofly""]",nine_patch,geometric,"[""hst""]",9,2,rotational_4,1870s,beginner,false
Shooting Star,"[]",nine_patch,star,"[""hst""]",25,3,rotational_4,1890s,intermediate,false
Simple Design,"[]",four_patch,geometric,"[""strip_piecing""]",8,2,rotational_4,1890s,beginner,false
Single Sunflowers,"[""Sunflower""]",nine_patch,nature,"[""applique""]",17,4,rotational_4,1900s,advanced,false
Sister's Choice,"[""Sister's Choice""]",nine_patch,geometric,"[""hst""]",25,3,rotational_4,1890s,intermediate,false
Skyrocket,"[]",nine_patch,star,"[""hst""]",25,3,rotational_4,1890s,intermediate,false
Snail's Trail,"[""Monkey Wrench"", ""Virginia Reel""]",four_patch,geometric,"[""hst""]",16,2,rotational_4,1890s,intermediate,false
Snowball,"[""Snowball Block""]",four_patch,geometric,"[""hst""]",5,2,rotational_4,1880s,beginner,false
Snowflake,"[]",nine_patch,nature,"[""hst""]",25,3,rotational_4,1920s,intermediate,false
Solomon's Crown,"[""Solomon's Temple""]",nine_patch,star,"[""hst""]",25,3,rotational_4,1890s,intermediate,false
Solomon's Temple,"[""Solomon's Crown""]",nine_patch,star,"[""hst""]",25,3,rotational_4,1890s,intermediate,false
Spider's Den,"[""Spider Web""]",other,nature,"[""paper_piecing""]",varies,4,rotational_4,1890s,intermediate,false
Spider's Web,"[""Spider Web"", ""Spiderweb""]",other,geometric,"[""paper_piecing""]",varies,4,rotational_4,1890s,intermediate,false
Spider Web,"[""Spider's Web""]",other,geometric,"[""paper_piecing""]",8,4,rotational_4,1890s,intermediate,false
Split Nine Patch,"[]",nine_patch,geometric,"[""hst""]",17,2,rotational_4,1900s,intermediate,false
Spool,"[""Spool Block""]",four_patch,geometric,"[""hst""]",5,2,rotational_4,1890s,beginner,false
Square and a Half,"[]",four_patch,geometric,"[""hst""]",9,2,rotational_4,1890s,beginner,false
Square and Swallow,"[]",nine_patch,nature,"[""hst""]",21,3,rotational_4,1890s,intermediate,false
Square and Triangle,"[]",four_patch,geometric,"[""hst""]",8,2,rotational_4,1890s,beginner,false
Square in a Square,"[""Diamond in a Square""]",four_patch,geometric,"[""hst""]",5,2,rotational_4,1850s,beginner,false
Square Log Cabin,"[]",log_cabin,log_cabin,"[""strip_piecing""]",17,4,rotational_4,1870s,beginner,false
Squares and Stars,"[]",nine_patch,star,"[""hst""]",25,3,rotational_4,1890s,intermediate,false
Squares and Stripes,"[]",four_patch,geometric,"[""strip_piecing""]",12,2,rotational_4,1890s,beginner,false
Star A,"[]",nine_patch,star,"[""hst""]",21,2,rotational_4,1890s,intermediate,false
Star and Chains,"[]",nine_patch,star,"[""hst""]",29,3,rotational_4,1890s,intermediate,false
Star and Cross,"[""Cross and Star""]",nine_patch,star,"[""hst""]",25,3,rotational_4,1890s,intermediate,false
Star and Cubes,"[]",nine_patch,star,"[""hst"", ""diamond_piecing""]",29,3,rotational_4,1890s,intermediate,false
Star and Squares,"[]",nine_patch,star,"[""hst""]",25,3,rotational_4,1890s,intermediate,false
Star Lane,"[]",nine_patch,star,"[""hst""]",25,3,rotational_4,1890s,intermediate,false
Star of Bethlehem,"[""Lone Star"", ""Blazing Star""]",other,star,"[""diamond_piecing""]",64,5,rotational_4,1830s,advanced,false
Star of Many Points,"[]",other,star,"[""paper_piecing""]",varies,4,rotational_4,1890s,advanced,false
Star of North Carolina,"[]",nine_patch,star,"[""hst""]",25,3,rotational_4,1890s,intermediate,false
Star of Texas,"[""Texas Star""]",other,star,"[""diamond_piecing""]",24,3,rotational_4,1880s,intermediate,false
Star of the East,"[""Eastern Star""]",nine_patch,star,"[""hst""]",25,3,rotational_4,1890s,intermediate,false
Star Puzzle,"[]",nine_patch,star,"[""hst""]",25,3,rotational_4,1890s,intermediate,false
Star-Spangled Banner,"[]",nine_patch,star,"[""hst""]",33,3,rotational_4,1890s,intermediate,false
Stars upon Stars,"[]",nine_patch,star,"[""hst""]",33,3,rotational_4,1890s,intermediate,false
State House Steps,"[""Courthouse Steps""]",log_cabin,log_cabin,"[""strip_piecing""]",17,4,rotational_2,1870s,beginner,false
Steps to the Altar,"[]",nine_patch,geometric,"[""hst""]",25,3,rotational_4,1890s,intermediate,false
St. Louis Star,"[]",nine_patch,star,"[""hst""]",25,3,rotational_4,1890s,intermediate,false
Stone Wall,"[]",other,geometric,"[""strip_piecing""]",varies,2,mirror,1890s,beginner,false
Storm at Sea,"[]",four_patch,geometric,"[""hst""]",24,3,rotational_4,1890s,intermediate,false
Storm Signal,"[]",nine_patch,geometric,"[""hst""]",25,3,rotational_4,1890s,intermediate,false
Straight Four Patch,"[""Four Patch""]",four_patch,geometric,"[""strip_piecing""]",4,2,rotational_4,1850s,beginner,false
Strawberry,"[]",nine_patch,nature,"[""applique""]",13,3,rotational_4,1880s,advanced,false
String,"[""String Quilt""]",other,geometric,"[""foundation_piecing""]",varies,varies,asymmetric,1880s,beginner,false
String of Beads,"[]",other,geometric,"[""strip_piecing""]",varies,4,mirror,1890s,beginner,false
Stripe Squares,"[]",four_patch,geometric,"[""strip_piecing""]",16,3,rotational_4,1890s,beginner,false
Sugar Bowl,"[]",nine_patch,geometric,"[""hst""]",17,2,rotational_4,1890s,intermediate,false
Sugar Loaf,"[""Sugarloaf""]",four_patch,geometric,"[""hst""]",12,2,rotational_4,1890s,beginner,false
Sunbonnet Lassies,"[""Sunbonnet Sue""]",other,nature,"[""applique""]",varies,4,asymmetric,1920s,intermediate,false
Sunbonnet Sue,"[""Sunbonnet Lassies"", ""Dutch Girl""]",other,nature,"[""applique""]",varies,4,asymmetric,1920s,intermediate,false
Sunburst,"[""Rising Sun""]",other,star,"[""paper_piecing""]",varies,4,rotational_4,1870s,advanced,false
Sunflower,"[""Kansas Sunflower""]",nine_patch,nature,"[""applique""]",17,4,rotational_4,1900s,advanced,false
Sunflowers,"[]",nine_patch,nature,"[""applique""]",17,4,rotational_4,1900s,advanced,false
Sunshine,"[""Sunshine and Shadows""]",other,geometric,"[""strip_piecing""]",varies,varies,rotational_4,1890s,beginner,false
Susannah,"[]",nine_patch,geometric,"[""hst""]",21,3,rotational_4,1890s,intermediate,false
Susannah Variation,"[]",nine_patch,geometric,"[""hst""]",25,3,rotational_4,1890s,intermediate,false
Swarm of Bees,"[""Beehive""]",nine_patch,nature,"[""hst""]",21,2,rotational_4,1890s,intermediate,false
Sweet Gum Leaf,"[]",nine_patch,nature,"[""hst""]",21,2,asymmetric,1890s,intermediate,false
Swing in the Center,"[]",nine_patch,geometric,"[""hst""]",25,3,rotational_4,1890s,intermediate,false
Swinging Corners,"[]",nine_patch,geometric,"[""hst""]",21,3,rotational_4,1890s,intermediate,false
T Quartette,"[]",nine_patch,geometric,"[""strip_piecing""]",13,2,rotational_4,1890s,beginner,false
T Square,"[""T-Square""]",nine_patch,geometric,"[""strip_piecing""]",13,2,rotational_4,1890s,beginner,false
Tangled Garter,"[]",nine_patch,geometric,"[""hst""]",21,3,rotational_4,1890s,intermediate,false
Tassel Plant,"[]",nine_patch,nature,"[""hst""]",21,3,asymmetric,1890s,intermediate,false
Tea Leaf,"[]",nine_patch,nature,"[""applique""]",13,2,rotational_4,1880s,intermediate,false
Tea Rose,"[]",nine_patch,nature,"[""applique""]",17,4,rotational_4,1890s,advanced,false
Teddy's Choice,"[]",nine_patch,geometric,"[""hst""]",21,3,rotational_4,1910s,intermediate,false
Temple Court,"[]",nine_patch,geometric,"[""hst""]",25,3,rotational_4,1890s,intermediate,false
Temperance Tree,"[""Pine Tree""]",nine_patch,nature,"[""hst""]",25,2,asymmetric,1880s,intermediate,false
Texas Flower,"[]",nine_patch,nature,"[""hst"", ""applique""]",21,4,rotational_4,1890s,intermediate,false
Texas Star,"[""Star of Texas"", ""Lone Star""]",other,star,"[""diamond_piecing""]",24,3,rotational_4,1880s,intermediate,false
Texas Tears,"[]",nine_patch,geometric,"[""hst""]",25,3,rotational_4,1890s,intermediate,false
The Palm,"[""Palm Leaf""]",nine_patch,nature,"[""hst""]",21,2,asymmetric,1890s,intermediate,false
Three-flowered Sunflower,"[]",nine_patch,nature,"[""applique""]",17,4,rotational_4,1900s,advanced,false
Tick-Tack-Toe,"[""Tic Tac Toe""]",nine_patch,geometric,"[""strip_piecing""]",9,2,rotational_4,1920s,beginner,false
Tile Patchwork,"[]",four_patch,geometric,"[""hst""]",16,3,rotational_4,1890s,intermediate,false
Toad in the Puddle,"[]",nine_patch,nature,"[""hst""]",21,3,rotational_4,1890s,intermediate,false
Trailing Star,"[]",nine_patch,star,"[""hst""]",25,3,rotational_4,1890s,intermediate,false
Tree of Paradise,"[""Pine Tree"", ""Tree of Life""]",nine_patch,nature,"[""hst""]",33,2,asymmetric,1850s,intermediate,false
Triangle Puzzle,"[]",four_patch,geometric,"[""hst""]",16,2,rotational_4,1890s,intermediate,false
Triangles,"[]",other,geometric,"[""hst""]",varies,2,varies,1850s,beginner,false
Triangular Triangle,"[]",other,geometric,"[""hst""]",12,2,rotational_4,1890s,intermediate,false
Trip Around the World,"[""Sunshine and Shadow""]",other,geometric,"[""strip_piecing""]",varies,varies,rotational_4,1870s,beginner,false
Triple Irish Chain,"[""Double Irish Chain""]",chain,chain,"[""strip_piecing""]",varies,2,rotational_4,1860s,intermediate,false
Triple Stripe,"[]",other,geometric,"[""strip_piecing""]",varies,3,mirror,1890s,beginner,false
True Lover's Knot,"[""Lover's Knot""]",nine_patch,geometric,"[""hst""]",21,3,rotational_4,1890s,intermediate,false
Tufted Cherry,"[]",nine_patch,nature,"[""applique""]",13,3,rotational_4,1880s,advanced,false
Tulip,"[""Tulip Block""]",nine_patch,nature,"[""hst"", ""applique""]",17,3,asymmetric,1870s,intermediate,false
Tulip Blocks,"[]",nine_patch,nature,"[""hst""]",21,3,asymmetric,1880s,intermediate,false
Tulip Bouquet,"[]",nine_patch,nature,"[""applique""]",17,4,asymmetric,1890s,advanced,false
Tulip in Vase,"[]",nine_patch,nature,"[""applique""]",17,4,asymmetric,1890s,advanced,false
Tulip Lady Finger,"[]",nine_patch,nature,"[""hst""]",21,3,asymmetric,1890s,intermediate,false
Tulip Tree Leaves,"[]",nine_patch,nature,"[""hst""]",21,3,rotational_4,1890s,intermediate,false
Tumbler The,"[]",other,geometric,"[""strip_piecing""]",varies,4,mirror,1890s,beginner,false
Tumbling Block,"[""Tumbling Blocks"", ""Baby Blocks""]",other,geometric,"[""english_paper_piecing""]",3,3,mirror,1850s,intermediate,false
Tumbling Blocks,"[""Baby Blocks"", ""Tumbling Block""]",other,geometric,"[""english_paper_piecing""]",varies,3,mirror,1850s,intermediate,false
Twelve Triangles,"[]",nine_patch,geometric,"[""hst""]",17,2,rotational_4,1890s,intermediate,false
Twin Sisters,"[]",nine_patch,geometric,"[""hst""]",21,3,rotational_4,1890s,intermediate,false
Twinkling Star,"[""Feather Star""]",nine_patch,star,"[""hst""]",37,2,rotational_4,1870s,intermediate,false
Twist and Turn,"[]",nine_patch,geometric,"[""hst""]",21,3,rotational_4,1890s,intermediate,false
Twist Patchwork,"[]",nine_patch,geometric,"[""hst""]",25,3,rotational_4,1890s,intermediate,false
Two Doves The,"[]",nine_patch,nature,"[""hst""]",21,3,asymmetric,1890s,intermediate,false
Underground Railroad,"[""Jacob's Ladder""]",four_patch,chain,"[""hst""]",20,2,rotational_4,1850s,beginner,false
Union,"[""Union Block""]",nine_patch,star,"[""hst""]",25,3,rotational_4,1860s,intermediate,false
Union Calico Quilt,"[]",nine_patch,geometric,"[""hst""]",25,3,rotational_4,1860s,intermediate,false
Union Star,"[]",nine_patch,star,"[""hst""]",25,3,rotational_4,1860s,intermediate,false
Unknown Star,"[]",nine_patch,star,"[""hst""]",25,3,rotational_4,1890s,intermediate,false
Valentine Quilt,"[]",nine_patch,geometric,"[""curved_piecing"", ""applique""]",21,3,rotational_4,1900s,intermediate,true
Variable Star,"[""Ohio Star""]",nine_patch,star,"[""hst""]",21,2,rotational_4,1800s,intermediate,false
Variegated Diamonds,"[]",other,geometric,"[""diamond_piecing""]",varies,4,rotational_4,1890s,intermediate,false
Variegated Hexagons,"[]",other,geometric,"[""english_paper_piecing""]",varies,4,rotational_4,1890s,intermediate,false
Venetian Design,"[]",nine_patch,geometric,"[""strip_piecing""]",21,3,rotational_4,1890s,intermediate,false
Vestibule,"[]",nine_patch,geometric,"[""hst""]",21,3,rotational_4,1890s,intermediate,false
Vice-President's Quilt,"[]",nine_patch,star,"[""hst""]",29,3,rotational_4,1890s,intermediate,false
Village Church,"[""Church""]",nine_patch,house,"[""strip_piecing""]",21,4,asymmetric,1900s,intermediate,false
Virginia Gentleman,"[]",nine_patch,geometric,"[""hst""]",25,3,rotational_4,1890s,intermediate,false
Wagon Wheel,"[""Wheel""]",nine_patch,geometric,"[""hst""]",25,3,rotational_4,1890s,intermediate,false
Wandering Jew,"[]",nine_patch,geometric,"[""hst""]",21,3,rotational_4,1890s,intermediate,false
Washington's Plumes,"[""Princess Feather""]",other,nature,"[""applique""]",4,3,rotational_4,1840s,advanced,false
Washington's Puzzle,"[]",nine_patch,geometric,"[""hst""]",25,3,rotational_4,1890s,intermediate,false
Washington's Sidewalk,"[]",nine_patch,geometric,"[""strip_piecing""]",21,2,rotational_4,1890s,intermediate,false
Watered Ribbon,"[]",other,geometric,"[""strip_piecing""]",varies,4,mirror,1890s,beginner,false
Way of the World,"[]",nine_patch,geometric,"[""hst""]",25,3,rotational_4,1890s,intermediate,false
Weathervane,"[""Weather Vane""]",nine_patch,geometric,"[""hst""]",21,2,rotational_4,1890s,intermediate,false
Wedding Knot,"[]",nine_patch,geometric,"[""hst""]",21,3,rotational_4,1890s,intermediate,false
Wedding Ring,"[""Double Wedding Ring""]",other,geometric,"[""curved_piecing""]",varies,4,rotational_4,1920s,advanced,true
Wedge and Circle,"[]",other,geometric,"[""curved_piecing""]",17,2,rotational_4,1890s,intermediate,true
Western Spy,"[]",nine_patch,geometric,"[""hst""]",21,3,rotational_4,1890s,intermediate,false
Western Star,"[]",nine_patch,star,"[""hst""]",25,3,rotational_4,1890s,intermediate,false
W. C. T. Union,"[""WCTU""]",nine_patch,geometric,"[""hst""]",25,3,rotational_4,1880s,intermediate,false
Wheel and Star,"[]",nine_patch,star,"[""hst""]",29,3,rotational_4,1890s,intermediate,false
Wheel of Fortune,"[]",nine_patch,geometric,"[""hst""]",25,3,rotational_4,1890s,intermediate,false
Wheel The,"[]",nine_patch,geometric,"[""hst""]",21,3,rotational_4,1890s,intermediate,false
Whig Pattern,"[""Whig's Defeat""]",nine_patch,geometric,"[""hst""]",25,3,rotational_4,1840s,intermediate,false
Whig Rose,"[""Democrat Rose""]",nine_patch,nature,"[""applique""]",17,4,rotational_4,1840s,advanced,false
Whigs Defeat,"[""Whig's Defeat""]",nine_patch,geometric,"[""hst""]",25,3,rotational_4,1840s,intermediate,false
Whirlwind,"[]",four_patch,geometric,"[""hst""]",16,2,rotational_4,1890s,beginner,false
Whirligig,"[]",four_patch,geometric,"[""hst""]",8,2,rotational_4,1890s,beginner,false
White Day Lily,"[]",nine_patch,nature,"[""applique""]",17,3,asymmetric,1890s,advanced,false
Widower's Choice,"[]",nine_patch,geometric,"[""hst""]",21,3,rotational_4,1890s,intermediate,false
Wild Goose Chase,"[""Flying Geese""]",other,nature,"[""flying_geese""]",varies,2,mirror,1850s,beginner,false
Wild Rose,"[]",nine_patch,nature,"[""applique""]",13,4,rotational_4,1870s,advanced,false
Windmill,"[""Wind Mill""]",four_patch,geometric,"[""hst""]",8,2,rotational_4,1870s,beginner,false
Wind-blown Tulips,"[]",nine_patch,nature,"[""hst""]",21,3,asymmetric,1920s,intermediate,false
Winding Walk,"[""Winding Way""]",other,geometric,"[""curved_piecing""]",16,2,rotational_4,1890s,intermediate,true
Wonder of the World,"[""World's Wonder""]",other,geometric,"[""curved_piecing""]",16,2,rotational_4,1890s,intermediate,true
Workbox,"[]",nine_patch,geometric,"[""hst""]",17,3,asymmetric,1890s,intermediate,false
World's Fair Blocks,"[""World's Fair""]",nine_patch,geometric,"[""hst""]",25,3,rotational_4,1893,intermediate,false
World's Fair Puzzle,"[]",nine_patch,geometric,"[""hst""]",25,3,rotational_4,1893,intermediate,false
World's Fair The,"[]",nine_patch,star,"[""hst""]",25,3,rotational_4,1893,intermediate,false
Wreath of Roses,"[]",nine_patch,nature,"[""applique""]",17,4,rotational_4,1870s,advanced,false
Wrench,"[""Monkey Wrench""]",nine_patch,geometric,"[""hst""]",13,2,rotational_4,1880s,beginner,false
X quisite The,"[""Exquisite""]",nine_patch,geometric,"[""hst""]",25,3,rotational_4,1890s,intermediate,false
Yankee Puzzle,"[""Big Dipper""]",four_patch,geometric,"[""hst""]",16,2,rotational_4,1890s,intermediate,false
Young Man's Fancy,"[""Goose in the Pond""]",five_patch,geometric,"[""hst""]",41,2,rotational_4,1880s,intermediate,false
